player_id,player_name
1630639,A.J. Lawson
1631260,AJ Green
1631100,AJ Griffin
1627773,AJ Hammons
201985,AJ Price
201166,Aaron Brooks
203932,Aaron Gordon
201189,Aaron Gray
1626151,Aaron Harrison
1628988,Aaron Holiday
1628935,Aaron Jackson
1630174,Aaron Nesmith
1630598,Aaron Wiggins
1627846,Abdel Nader
201151,Acie Law
1641745,Adam Flagler
1629690,Adam Mokoka
200747,Adam Morrison
1641766,Adama Sanogo
1629678,Admiral Schofield
1502,Adonal Foyle
203519,Adonis Thomas
203940,Adreian Payne
1733,Al Harrington
201143,Al Horford
2744,Al Jefferson
201154,Al Thornton
202329,Al-Farouq Aminu
101187,Alan Anderson
1626210,Alan Williams
202692,Alec Burks
1628409,Alec Peters
1630197,Aleksej Pokusevski
1629346,Alen Smailagic
203518,Alex Abrines
1627936,Alex Caruso
1641788,Alex Fudge
203458,Alex Len
1627816,Alex Poythress
200792,Alexander Johnson
203144,Alexey Shved
201582,Alexis Ajinca
1628035,Alfonzo McKinnie
1628993,Alize Johnson
203459,Allen Crabbe
947,Allen Iverson
1629019,Allonzo Trier
1631214,Alondes Williams
202087,Alonzo Gee
1630578,Alperen Sengun
2405,Amar'e Stoudemire
1641735,Amari Bailey
1641708,Amen Thompson
1628578,Amida Brimah
1628518,Amile Jefferson
1629599,Amir Coffey
101161,Amir Johnson
2760,Anderson Varejao
101154,Andray Blatche
203083,Andre Drummond
2738,Andre Iguodala
201281,Andre Ingram
1641748,Andre Jackson Jr.
1889,Andre Miller
203460,Andre Roberson
200745,Andrea Bargnani
1905,Andrei Kirilenko
2804,Andres Nocioni
101106,Andrew Bogut
101115,Andrew Bynum
1641847,Andrew Funk
202726,Andrew Goudelock
1626150,Andrew Harrison
1629614,Andrew Nembhard
203094,Andrew Nicholson
1628510,Andrew White III
203952,Andrew Wiggins
2740,Andris Biedrins
202360,Andy Rautins
1629014,Anfernee Simons
1629116,Angel Delgado
1712,Antawn Jamison
1627790,Ante Zizic
203461,Anthony Bennett
1641710,Anthony Black
1626148,Anthony Brown
1853,Anthony Carter
203076,Anthony Davis
1630162,Anthony Edwards
1630264,Anthony Gill
1533,Anthony Johnson
1630237,Anthony Lamb
201627,Anthony Morrow
1515,Anthony Parker
201576,Anthony Randolph
201229,Anthony Tolliver
101120,Antoine Wright
1628469,Antonio Blakeney
1498,Antonio Daniels
686,Antonio McDyess
1628499,Antonius Cleveland
1628394,Anžejs Pasečņiks
203462,Archie Goodwin
202620,Arinze Onuaku
202356,Armon Johnson
1629717,Armoni Brooks
203102,Arnett Moultrie
1629083,Arnoldas Kulboka
203382,Aron Baynes
201167,Arron Afflalo
1630204,Ashton Hagans
1641709,Ausar Thompson
201948,Austin Daye
1630559,Austin Reaves
203085,Austin Rivers
202340,Avery Bradley
1626253,Axel Toupane
1630245,Ayo Dosunmu
1629168,BJ Johnson
1628389,Bam Adebayo
1884,Baron Davis
2732,Ben Gordon
203162,Ben Hansbrough
203463,Ben McLemore
1628500,Ben Moore
1641767,Ben Sheppard
1627732,Ben Simmons
202386,Ben Uzoh
1112,Ben Wallace
1631097,Bennedict Mathurin
2757,Beno Udrih
203108,Bernard James
1641731,Bilal Coulibaly
1628656,Billy Garrett
202687,Bismack Biyombo
201336,Blake Ahearn
201933,Blake Griffin
1631104,Blake Wesley
1626246,Boban Marjanovic
201628,Bobby Brown
1626171,Bobby Portis
2250,Bobby Simmons
203992,Bogdan Bogdanović
202711,Bojan Bogdanovic
1629626,Bol Bol
1630538,Bones Hyland
1629045,Bonzie Colson
2564,Boris Diaw
1802,Brad Miller
202954,Brad Wanamaker
203078,Bradley Beal
201148,Brandan Wright
1626183,Branden Dawson
1641764,Brandin Podziemski
101138,Brandon Bass
1630527,Brandon Boston
1629634,Brandon Clarke
203561,Brandon Davies
1629164,Brandon Goodwin
1627742,Brandon Ingram
201943,Brandon Jennings
202688,Brandon Knight
1641706,Brandon Miller
203464,Brandon Paul
200750,Brandon Roy
201575,Brandon Rush
1629102,Brandon Sampson
1630314,Brandon Williams
1630296,Braxton Key
2217,Brendan Haywood
1628968,Brian Bowen II
202221,Brian Butch
2073,Brian Cardinal
2567,Brian Cook
203148,Brian Roberts
2243,Brian Scalabrine
1730,Brian Skinner
1627362,Briante Weber
1627744,Brice Johnson
1641729,Brice Sensabaugh
1630271,Brodric Thomas
201572,Brook Lopez
1628971,Bruce Brown
203998,Bruno Caboclo
1628981,Bruno Fernando
203955,Bryce Cotton
1631121,Bryce McGowens
1627854,Bryn Forbes
1631205,Buddy Boeheim
1627741,Buddy Hield
201957,Byron Mullens
201228,C.J. Watson
203912,C.J. Wilcox
203710,C.J. Williams
1629604,CJ Elleby
203468,CJ McCollum
101139,CJ Miles
1630595,Cade Cunningham
1630258,Caleb Homesley
1631216,Caleb Houstan
1628997,Caleb Martin
1628403,Caleb Swanigan
1629629,Cam Reddish
1629244,Cam Reynolds
1630560,Cam Thomas
1641715,Cam Whitmore
203946,Cameron Bairstow
1629661,Cameron Johnson
1626166,Cameron Payne
1627747,Caris LeVert
201171,Carl Landry
1630637,Carlik Jones
2306,Carlos Arroyo
2430,Carlos Boozer
2568,Carlos Delfino
2546,Carmelo Anthony
2406,Caron Butler
203467,Carrick Felix
1629035,Carsen Edwards
201858,Cartier Martin
1641717,Cason Wallace
203810,Casper Ware
1630199,Cassius Stanley
1630216,Cassius Winston
1626224,Cedi Osman
202132,Cedric Jackson
1628990,Chandler Hutchison
202718,Chandler Parsons
101112,Channing Frye
1629646,Charles Bassey
1628429,Charles Cooke
202724,Charles Jenkins
2294,Charlie Bell
1629718,Charlie Brown Jr.
101111,Charlie Villanueva
201978,Chase Budinger
1626184,Chasson Randle
1497,Chauncey Billups
1630602,Chaundee Brown Jr.
1627767,Cheick Diallo
1631096,Chet Holmgren
1629002,Chimezie Metu
1627778,Chinanu Onuaku
2365,Chris Andersen
203569,Chris Babb
2547,Chris Bosh
1628449,Chris Boucher
1629185,Chris Chiozza
1629598,Chris Clemons
203142,Chris Copeland
201604,Chris Douglas-Roberts
1630537,Chris Duarte
2768,Chris Duhon
201805,Chris Hunter
203187,Chris Johnson
202419,Chris Johnson
2549,Chris Kaman
1641753,Chris Livingston
1626191,Chris McCullough
101108,Chris Paul
200809,Chris Quinn
201181,Chris Richard
1629735,Chris Silva
202698,Chris Singleton
2404,Chris Wilcox
202874,Chris Wright
1631128,Christian Braun
201963,Christian Eyenga
1631132,Christian Koloko
1626174,Christian Wood
101236,Chuck Hayes
1088,Chucky Atkins
1629643,Chuma Okeke
203921,Cleanthony Early
1626146,Cliff Alexander
203991,Clint Capela
201207,Coby Karl
1629632,Coby White
1628998,Cody Martin
203469,Cody Zeller
1641732,Colby Jones
202332,Cole Aldrich
1630175,Cole Anthony
1631306,Cole Swider
1630658,Colin Castleton
1631221,Collin Gillespie
1629012,Collin Sexton
201147,Corey Brewer
1630557,Corey Kispert
1894,Corey Maggette
202809,Cory Higgins
203928,Cory Jefferson
202709,Cory Joseph
202622,Courtney Fortson
201584,Courtney Lee
202342,Craig Brackins
1641854,Craig Porter Jr.
200783,Craig Smith
1626245,Cristiano Felicio
201998,Curtis Jerrells
1626156,D'Angelo Russell
201571,D.J. Augustin
1630618,D.J. Carton
202810,D.J. Kennedy
1628391,D.J. Wilson
2788,DJ Mbenga
1630597,DJ Stewart
201591,DJ White
202364,Da'Sean Butler
201969,DaJuan Summers
1629610,DaQuan Jeffries
201161,Daequan Cook
2563,Dahntay Jones
1629541,Dairis Bertans
1630227,Daishen Nix
1626177,Dakari Johnson
1630625,Dalano Banton
1631207,Dalen Terry
1627745,Damian Jones
203081,Damian Lillard
203996,Damien Inglis
2863,Damien Wilkins
202345,Damion James
1627814,Damion Lee
204014,Damjan Rudez
1628422,Damyean Dotson
2429,Dan Gadzuric
1629655,Daniel Gafford
200789,Daniel Gibson
1627772,Daniel Hamilton
1627849,Daniel Ochefu
202350,Daniel Orton
1630187,Daniel Oturu
1628464,Daniel Theis
201568,Danilo Gallinari
101122,Danny Granger
201980,Danny Green
201967,Dante Cunningham
203957,Danté Exum
1627863,Danuel House Jr.
203967,Dario Šarić
1641727,Dariq Whitehead
1629647,Darius Bazley
1630620,Darius Days
1629636,Darius Garland
203121,Darius Miller
202721,Darius Morris
2443,Darius Songaila
2545,Darko Milicic
201616,Darnell Jackson
201589,Darrell Arthur
201954,Darren Collison
1626199,Darrun Hilliard
201208,Darryl Watkins
1629133,Daryl Macon
2431,David Andersen
1630561,David Duke Jr.
1630525,David Johnson
101135,David Lee
1628021,David Nwaba
1631223,David Roddy
204065,David Stockton
2561,David West
1630558,Davion Mitchell
202722,Davis Bertans
1628432,Davon Reed
1630549,Day'Ron Sharpe
1628368,De'Aaron Fox
1629631,De'Andre Hunter
1629001,De'Anthony Melton
201599,DeAndre Jordan
202732,DeAndre Liggins
1627761,DeAndre' Bembry
201971,DeJuan Blair
201942,DeMar DeRozan
202326,DeMarcus Cousins
201960,DeMarre Carroll
203199,DeQuan Jones
2205,DeSagana Diop
2052,DeShawn Stevenson
1629731,Dean Wade
1629028,Deandre Ayton
1629686,Deividas Sirvydis
1627749,Dejounte Murray
1626153,Delon Wright
2753,Delonte West
1627743,Demetrius Jackson
1629061,Deng Adel
1630166,Deni Avdija
203471,Dennis Schröder
1628372,Dennis Smith Jr.
1627756,Denzel Valentine
1629126,Deonte Burton
1641726,Dereck Lively II
965,Derek Fisher
1631220,Dereon Seabron
101114,Deron Williams
201974,Derrick Brown
201182,Derrick Byars
202382,Derrick Caracter
202324,Derrick Favors
1627884,Derrick Jones Jr.
201565,Derrick Rose
1628476,Derrick Walton Jr.
1628401,Derrick White
202682,Derrick Williams
1630217,Desmond Bane
1904,Devean George
1626164,Devin Booker
2484,Devin Brown
1629962,Devin Cannady
202365,Devin Ebanks
2734,Devin Harris
1628421,Devin Robinson
1630170,Devin Vassell
1629653,Devon Dotson
1628985,Devon Hall
1629719,Devontae Cacok
1628984,Devonte' Graham
203906,Devyn Marble
1629608,Dewan Hernandez
203473,Dewayne Dedmon
202354,Dexter Pittman
1627738,Deyonta Davis
202067,Diamon Simpson
1627754,Diamond Stone
203197,Diante Garrett
1629712,Didi Louzada
1628415,Dillon Brooks
203079,Dion Waiters
202091,Dionte Christmas
1717,Dirk Nowitzki
1627734,Domantas Sabonis
201187,Dominic McGuire
1631230,Dominick Barlow
202346,Dominique Jones
202388,Donald Sloan
202700,Donatas Motiejunas
1628378,Donovan Mitchell
1631495,Donovan Williams
1629743,Donta Hall
1628978,Donte DiVincenzo
1629055,Donte Grantham
201590,Donte Greene
2748,Dorell Wright
1627827,Dorian Finney-Smith
203117,Doron Lamb
203926,Doug McDermott
1627733,Dragan Bender
203110,Draymond Green
1629234,Drew Eubanks
2400,Drew Gooden
1641809,Drew Peterson
1630696,Dru Smith
1630613,Duane Washington Jr.
1626251,Duje Dukan
1629130,Duncan Robinson
1641871,Duop Reath
1628407,Dwayne Bacon
101204,Dwayne Jones
202779,Dwight Buycks
2730,Dwight Howard
203939,Dwight Powell
2548,Dwyane Wade
1629685,Dylan Windler
1630700,Dyson Daniels
1629058,Dzanan Musa
202734,E'Twaun Moore
1630604,E.J. Liddell
2853,Earl Barron
1863,Earl Boykins
201947,Earl Clark
2248,Earl Watson
202334,Ed Davis
2067,Eddie House
2201,Eddy Curry
1628410,Edmond Sumner
2059,Eduardo Najera
204002,Edy Tavares
202327,Ekpe Udoh
203901,Elfrid Payton
1629059,Elie Okobo
1629091,Elijah Bryant
1630190,Elijah Hughes
202407,Elijah Millsap
202343,Elliot Williams
1882,Elton Brand
2731,Emeka Okafor
1626144,Emmanuel Mudiay
1641734,Emoni Bates
202683,Enes Freedom
202339,Eric Bledsoe
201569,Eric Gordon
201953,Eric Maynor
203961,Eric Moreland
1629672,Eric Paschall
956,Erick Dampier
203475,Erick Green
1628571,Erik McCree
203513,Erik Murphy
101141,Ersan Ilyasova
2041,Etan Thomas
1630647,Eugene Omoruyi
203095,Evan Fournier
1630596,Evan Mobley
202323,Evan Turner
203097,Fab Melo
101177,Fabricio Oberto
1630267,Facundo Campazzo
1630624,Feron Hunt
203105,Festus Ezeli
2436,Flip Murray
1922,Francisco Elson
101128,Francisco Garcia
1628402,Frank Jackson
1626163,Frank Kaminsky
1628412,Frank Mason III
1628373,Frank Ntilikina
1630532,Franz Wagner
1627832,Fred VanVleet
1630273,Freddie Gillespie
203128,Furkan Aldemir
1627788,Furkan Korkmaz
1641713,GG Jackson
1629216,Gabe Vincent
1628221,Gabe York
1630466,Gabriel Deck
1630994,Gabriel Lundberg
203539,Gal Mekel
202371,Gani Lawal
202081,Garret Siler
202066,Garrett Temple
1629726,Garrison Mathews
1629109,Gary Clark
201814,Gary Forbes
203914,Gary Harris
202390,Gary Neal
1627780,Gary Payton II
1629018,Gary Trent Jr.
201588,George Hill
1628994,George King
1627777,Georges Niang
1627834,Georgios Papagiannis
101123,Gerald Green
201945,Gerald Henderson
2222,Gerald Wallace
203507,Giannis Antetokounmpo
203540,Gigi Datome
2240,Gilbert Arenas
201175,Glen Davis
203318,Glen Rice
203922,Glenn Robinson III
1629048,Goga Bitadze
201609,Goran Dragic
202330,Gordon Hayward
203476,Gorgui Dieng
1641711,Gradey Dick
255,Grant Hill
203511,Grant Jerrett
1630203,Grant Riller
1629684,Grant Williams
1628960,Grayson Allen
1630535,Greg Brown III
202328,Greg Monroe
201141,Greg Oden
202962,Greg Smith
201880,Greg Stiemsma
202349,Greivis Vasquez
1627824,Guerschon Yabusele
1630611,Gui Santos
202970,Gustavo Ayon
101124,Hakim Warrick
202380,Hamady Ndiaye
201632,Hamed Haddadi
1628977,Hamidou Diallo
203084,Harrison Barnes
1628385,Harry Giles III
201934,Hasheem Thabeet
202355,Hassan Whiteside
1629312,Haywood Highsmith
2045,Hedo Turkoglu
1630929,Henri Drell
1627740,Henry Ellenson
203156,Henry Sims
201611,Henry Walker
1630529,Herbert Jones
200756,Hilton Armstrong
203138,Hollis Thompson
1641816,Hunter Tyson
203546,Ian Clark
101133,Ian Mahinmi
1630641,Ibou Badji
1629649,Ignas Brazdeikis
1628387,Ike Anigbogu
101113,Ike Diogu
202697,Iman Shumpert
2137,Ime Udoka
1630193,Immanuel Quickley
1629067,Isaac Bonga
1629353,Isaac Humphries
1630171,Isaac Okoro
203477,Isaiah Canaan
1628392,Isaiah Hartenstein
1628439,Isaiah Hicks
1630543,Isaiah Jackson
1630198,Isaiah Joe
1630587,Isaiah Livers
1630600,Isaiah Mobley
1629676,Isaiah Roby
1630191,Isaiah Stewart
1627819,Isaiah Taylor
202738,Isaiah Thomas
1630225,Isaiah Todd
1627785,Isaiah Whitehead
1631209,Isaiah Wong
202397,Ish Smith
1630688,Ish Wainright
201274,Ivan Johnson
1628397,Ivan Rabb
1627826,Ivica Zubac
200826,J.J. Barea
1629122,J.P. Macura
201592,J.R. Giddens
1631120,JD Davison
201581,JJ Hickson
200755,JJ Redick
2747,JR Smith
1630550,JT Thor
1629630,Ja Morant
202707,JaJuan Johnson
203960,JaKarr Sampson
203210,JaMychal Green
201580,JaVale McGee
1628444,Jabari Bird
203913,Jabari Brown
203953,Jabari Parker
1631095,Jabari Smith Jr.
1631133,Jabari Walker
204022,Jack Cooley
1631298,Jack White
1628980,Jacob Evans
1631367,Jacob Gilyard
1631210,Jacob Toppin
1630702,Jaden Hardy
1631093,Jaden Ivey
1630183,Jaden McDaniels
1630531,Jaden Springer
203109,Jae Crowder
1630256,Jae'Sean Tate
1626143,Jahlil Okafor
1630186,Jahmi'us Ramsey
1631170,Jaime Jaquez Jr.
1631222,Jake LaRavia
1627774,Jake Layman
1627751,Jakob Poeltl
1628973,Jalen Brunson
1631105,Jalen Duren
1630224,Jalen Green
1641720,Jalen Hood-Schifino
1630552,Jalen Johnson
1627883,Jalen Jones
1629665,Jalen Lecque
1629667,Jalen McDaniels
1629618,Jalen Pickett
1641771,Jalen Slawson
1630188,Jalen Smith
1630591,Jalen Suggs
1631114,Jalen Williams
1630592,Jalen Wilson
203479,Jamaal Franklin
2048,Jamaal Magloire
2224,Jamaal Tinsley
1631288,Jamal Cain
2037,Jamal Crawford
1627750,Jamal Murray
1631123,Jamaree Bouyea
200081,Jamario Moon
2749,Jameer Nelson
1628503,Jamel Artis
202341,James Anderson
1630547,James Bouknight
203516,James Ennis III
201935,James Harden
201949,James Johnson
2592,James Jones
203949,James Michael McAdoo
203263,James Nunnally
1899,James Posey
101189,James Singleton
203480,James Southerland
1627821,James Webb III
200778,James White
1630164,James Wiseman
203923,James Young
1630691,Jamorko Pickett
202686,Jan Vesely
2457,Jannero Pargo
1641716,Jarace Walker
1630215,Jared Butler
203099,Jared Cunningham
201162,Jared Dudley
1629607,Jared Harper
2407,Jared Jeffries
1631197,Jared Rhoden
203096,Jared Sullinger
1629123,Jared Terrell
204067,Jarell Eddie
1626185,Jarell Martin
1628991,Jaren Jackson Jr.
203950,Jarnell Stokes
1628417,Jaron Blossomgame
1629020,Jarred Vanderbilt
1629714,Jarrell Brantley
1628386,Jarrett Allen
1629633,Jarrett Culver
101127,Jarrett Jack
1627784,Jarrod Uthoff
2260,Jarron Collins
2553,Jarvis Hayes
202363,Jarvis Varnado
2215,Jason Collins
2574,Jason Kapono
467,Jason Kidd
101131,Jason Maxiell
1630554,Jason Preston
2202,Jason Richardson
201160,Jason Smith
1891,Jason Terry
201574,Jason Thompson
1715,Jason Williams
201159,Javaris Crittenton
1631241,Javon Freeman-Liberty
1629750,Javonte Green
1630606,Javonte Smart
101214,Jawad Williams
1628393,Jawun Evans
1629637,Jaxson Hayes
1630643,Jay Huff
1630206,Jay Scrubb
1629121,Jaylen Adams
1627759,Jaylen Brown
1641740,Jaylen Clark
1629658,Jaylen Hoard
1641798,Jaylen Martin
1628537,Jaylen Morris
1629669,Jaylen Nowell
1641945,Jaylin Galloway
1631119,Jaylin Williams
1628369,Jayson Tatum
202399,Jeff Adrien
201965,Jeff Ayres
1630288,Jeff Dowtin Jr.
1902,Jeff Foster
201145,Jeff Green
201952,Jeff Teague
203481,Jeff Withey
203106,Jeffery Taylor
1629203,Jemerrio Jones
203924,Jerami Grant
202077,Jerel McNeal
1629725,Jeremiah Martin
1630526,Jeremiah Robinson-Earl
202379,Jeremy Evans
203087,Jeremy Lamb
202391,Jeremy Lin
202951,Jeremy Pargo
1631110,Jeremy Sochan
202719,Jeremy Tyler
1626170,Jerian Grant
1630579,Jericho Sims
979,Jermaine O'Neal
1631257,Jermaine Samuels Jr.
201966,Jermaine Taylor
202406,Jerome Dyson
202366,Jerome Jordan
1629010,Jerome Robinson
711,Jerry Stackhouse
201573,Jerryd Bayless
1641724,Jett Howard
1628975,Jevon Carter
202690,Jimmer Fredette
202710,Jimmy Butler III
201149,Joakim Noah
1629111,Jock Landale
201975,Jodie Meeks
201570,Joe Alexander
1629147,Joe Chealey
203925,Joe Harris
204060,Joe Ingles
2207,Joe Johnson
693,Joe Smith
1630580,Joe Wieskamp
1626202,Joe Young
201202,Joel Anthony
1627762,Joel Bolomboy
203954,Joel Embiid
200777,Joel Freeland
2038,Joel Przybilla
201595,Joey Dorsey
101121,Joey Graham
203530,Joffrey Lauvergne
101130,Johan Petro
1631219,John Butler Jr.
1628381,John Collins
203089,John Henson
204066,John Holland
203098,John Jenkins
1629723,John Konchar
101249,John Lucas III
2422,John Salmons
202322,John Wall
1628405,Johnathan Motley
1629140,Johnathan Williams
1631098,Johnny Davis
1630548,Johnny Juzang
203948,Johnny O'Bryant III
201972,Jon Brockman
202720,Jon Leuer
1628413,Jonah Bolden
201973,Jonas Jerebko
202685,Jonas Valančiūnas
1886,Jonathan Bender
1626780,Jonathan Gibson
1628371,Jonathan Isaac
1630228,Jonathan Kuminga
203613,Jonathon Simmons
201938,Jonny Flynn
1629007,Jontay Porter
203919,Jordan Adams
1628395,Jordan Bell
1629648,Jordan Bone
203903,Jordan Clarkson
202348,Jordan Crawford
200770,Jordan Farmar
1630259,Jordan Ford
1630692,Jordan Goodwin
202706,Jordan Hamilton
1641722,Jordan Hawkins
201941,Jordan Hill
1628070,Jordan Loyd
1629162,Jordan McLaughlin
203895,Jordan McRae
1626175,Jordan Mickey
1641757,Jordan Miller
1629670,Jordan Nwora
1629673,Jordan Poole
1630648,Jordan Schakel
1641775,Jordan Walsh
202716,Jordan Williams
203268,Jorge Gutierrez
1630631,Jose Alvarado
101181,Jose Calderon
203006,Josh Akognon
200767,Josh Boone
2735,Josh Childress
1630528,Josh Christopher
1630581,Josh Giddey
1627982,Josh Gray
1630182,Josh Green
1630221,Josh Hall
202725,Josh Harrellson
1628404,Josh Hart
2572,Josh Howard
203962,Josh Huestis
1628367,Josh Jackson
203705,Josh Magette
201177,Josh McRoberts
1631169,Josh Minott
1629006,Josh Okogie
2694,Josh Powell
1629729,Josh Reaves
1626196,Josh Richardson
202729,Josh Selby
2746,Josh Smith
1630563,Joshua Primo
201950,Jrue Holiday
1629308,Juan Toscano-Anderson
1627823,Juancho Hernangomez
1631262,Jules Bernard
1630577,Julian Champagnie
1641763,Julian Phillips
1631124,Julian Strawther
1627395,Julian Washburn
201153,Julian Wright
203944,Julius Randle
202933,Julyan Stone
1626147,Justin Anderson
1630551,Justin Champagnie
203120,Justin Hamilton
202712,Justin Harper
203200,Justin Holiday
1628382,Justin Jackson
1629713,Justin James
1631171,Justin Lewis
1631303,Justin Minaya
1628383,Justin Patton
1629625,Justin Wright-Foreman
1626159,Justise Winslow
203994,Jusuf Nurkić
436,Juwan Howard
1629752,Juwan Morgan
1630231,KJ Martin
203909,KJ McDaniels
1629644,KZ Okpala
1628443,Kadeem Allen
1630539,Kai Jones
203564,Kalin Lucas
1626157,Karl-Anthony Towns
202695,Kawhi Leonard
1627770,Kay Felder
1631099,Keegan Murray
1628966,Keita Bates-Diop
2586,Keith Bogans
1629103,Kelan Martin
1629640,Keldon Johnson
101235,Kelenna Azubuike
1629833,Keljin Blevins
203482,Kelly Olynyk
1626162,Kelly Oubre Jr.
202689,Kemba Walker
1631112,Kendall Brown
203088,Kendall Marshall
1629134,Kendrick Nunn
2570,Kendrick Perkins
202702,Kenneth Faried
1631254,Kenneth Lofton Jr.
202238,Kenny Hasbrouck
1629624,Kenny Wooten
1629026,Kenrich Williams
203145,Kent Bazemore
203484,Kentavious Caldwell-Pope
2030,Kenyon Martin
1631165,Keon Ellis
1630553,Keon Johnson
1630556,Kessler Edwards
201142,Kevin Durant
708,Kevin Garnett
1628987,Kevin Hervey
1628989,Kevin Huerter
203158,Kevin Jones
1628995,Kevin Knox II
201567,Kevin Love
2755,Kevin Martin
203122,Kevin Murphy
1563,Kevin Ollie
1629645,Kevin Porter Jr.
202338,Kevin Seraphin
1630284,Kevon Harris
1626172,Kevon Looney
2039,Keyon Dooling
1641749,Keyontae Johnson
1641718,Keyonte George
203920,Khem Birch
203114,Khris Middleton
1629017,Khyri Thomas
1630165,Killian Hayes
1629681,Killian Tillie
203119,Kim English
1630184,Kira Lewis Jr.
2550,Kirk Hinrich
202691,Klay Thompson
1641738,Kobe Brown
977,Kobe Bryant
1641723,Kobe Bufkin
1628424,Kobi Simmons
201585,Kosta Koufos
1628961,Kostas Antetokounmpo
203123,Kostas Papanikolaou
1627739,Kris Dunn
2743,Kris Humphries
203126,Kris Joseph
1631200,Kris Murray
204001,Kristaps Porziņģis
703,Kurt Thomas
2198,Kwame Brown
1629065,Ky Bowman
1629734,Kyle Alexander
203937,Kyle Anderson
1627858,Kyle Collinsworth
1629657,Kyle Guy
2594,Kyle Korver
1628398,Kyle Kuzma
200768,Kyle Lowry
203124,Kyle O'Quinn
202713,Kyle Singler
201602,Kyle Weaver
1627787,Kyle Wiltjer
202681,Kyrie Irving
201178,Kyrylo Fesenko
200746,LaMarcus Aldridge
1630163,LaMelo Ball
1885,Lamar Odom
203934,Lamar Patterson
1630205,Lamar Stevens
202362,Lance Stephenson
202498,Lance Thomas
202361,Landry Fields
1629013,Landry Shamet
204038,Langston Galloway
203580,Larry Drew II
1716,Larry Hughes
1626204,Larry Nance Jr.
202082,Larry Owens
202336,Larry Sanders
1628374,Lauri Markkanen
202730,Lavoy Allen
202351,Lazar Hayward
2544,LeBron James
1641778,Leaky Black
2571,Leandro Barbosa
1630195,Leandro Bolmaro
200796,Leon Powe
1631159,Leonard Miller
201991,Lester Hudson
1631311,Lester Quinones
101132,Linas Kleiza
1629623,Lindell Wigginton
1630322,Lindy Waters III
1629022,Lonnie Walker IV
1628366,Lonzo Ball
203485,Lorenzo Brown
200811,Lou Amundson
101150,Lou Williams
1629663,Louis King
201601,Luc Mbah a Moute
1630492,Luca Vildoza
203512,Lucas Nogueira
1629652,Luguentz Dort
1626242,Luis Montero
2449,Luis Scola
1629029,Luka Dončić
1630568,Luka Garza
1629677,Luka Samanic
202337,Luke Babbitt
202376,Luke Harangody
1628379,Luke Kennard
1628436,Luke Kornet
2557,Luke Ridnour
2575,Luke Walton
2736,Luol Deng
101129,Luther Head
203146,Maalik Wayns
1630644,Mac McClung
202375,Magnum Rolle
1630201,Malachi Flynn
1627781,Malachi Richardson
1631103,Malaki Branham
1627763,Malcolm Brogdon
1627098,Malcolm Delaney
1630792,Malcolm Hill
202723,Malcolm Lee
1626259,Malcolm Miller
202952,Malcolm Thomas
2124,Malik Allen
1627736,Malik Beasley
1630238,Malik Fitts
201612,Malik Hairston
1628370,Malik Monk
1642013,Malik Williams
1629603,Mamadi Diakite
1628493,Mangok Mathiang
202412,Manny Harris
1938,Manu Ginobili
1630699,MarJon Beauchamp
202705,MarShon Brooks
201188,Marc Gasol
1626273,Marcelo Huertas
101162,Marcin Gortat
201158,Marco Belinelli
2556,Marcus Banks
948,Marcus Camby
202408,Marcus Cousin
1629094,Marcus Derrickson
1627875,Marcus Georges-Hunt
202694,Marcus Morris Sr.
1627779,Marcus Paige
1631204,Marcus Sasser
203935,Marcus Smart
201977,Marcus Thornton
200766,Marcus Williams
200776,Mardy Collins
1629621,Marial Shayok
201596,Mario Chalmers
1626209,Mario Hezonja
201238,Mario West
1631109,Mark Williams
203900,Markel Brown
1628365,Markelle Fultz
202693,Markieff Morris
1629741,Marko Guduric
1630250,Marko Simonovic
1630210,Markus Howard
1629716,Marques Bolden
1627737,Marquese Chriss
2605,Marquis Daniels
203104,Marquis Teague
202392,Marqus Blakely
201578,Marreese Speights
1627850,Marshall Plumlee
101110,Martell Webster
1628963,Marvin Bagley III
101107,Marvin Williams
1630222,Mason Jones
203486,Mason Plumlee
1629680,Matisse Thybulle
2440,Matt Barnes
2588,Matt Bonner
2679,Matt Carroll
1627856,Matt Costello
1629760,Matt Mooney
1630346,Matt Ryan
1629744,Matt Thomas
203521,Matthew Dellavedova
2230,Maurice Evans
203090,Maurice Harkless
1626254,Maurice Ndour
1631108,Max Christie
1629622,Max Strus
1628467,Maxi Kleber
1641721,Maxwell Lewis
1630593,McKinley Wright IV
2246,Mehmet Okur
2408,Melvin Ely
1628982,Melvin Frazier Jr.
1897,Metta World Peace
203086,Meyers Leonard
1629662,Mfiondu Kabengele
1630695,Micah Potter
201563,Michael Beasley
203487,Michael Carter-Williams
714,Michael Finley
1626187,Michael Frazier II
1627771,Michael Gbinije
203077,Michael Kidd-Gilchrist
1629008,Michael Porter Jr.
2072,Michael Redd
101153,Mickael Gelabale
2554,Mickael Pietrus
202148,Mickell Gladness
1628969,Mikal Bridges
1710,Mike Bibby
201144,Mike Conley
2399,Mike Dunleavy
200839,Mike Harris
2229,Mike James
1628455,Mike James
2034,Mike Miller
203488,Mike Muscala
203118,Mike Scott
1630,Mikki Moore
1628970,Miles Bridges
1630540,Miles McBride
203101,Miles Plumlee
1628462,Milos Teodosic
1628495,Milton Doyle
1627851,Mindaugas Kuzminskas
203545,Miroslav Raduljica
203141,Mirza Teletovic
203956,Mitch McGary
1628249,Mitchell Creek
1629011,Mitchell Robinson
1629671,Miye Oni
1628964,Mo Bamba
2590,Mo Williams
101145,Monta Ellis
1626149,Montrezl Harrell
1628420,Monté Morris
1629021,Moritz Wagner
201165,Morris Almond
2050,Morris Peterson
1629650,Moses Brown
1630541,Moses Moody
1630589,Moses Wright
1631338,Mouhamadou Gueye
1631243,Mouhamed Gueye
1631217,Moussa Diabaté
201203,Mustafa Shakur
1628539,Mychal Mulder
1627988,Myke Henry
1629619,Myles Powell
1626167,Myles Turner
1630230,Naji Marshall
201986,Nando De Colo
1629642,Nassir Little
1630268,Nate Darling
1630207,Nate Hinton
101126,Nate Robinson
1631466,Nate Williams
203489,Nate Wolters
201605,Nathan Jawai
1630233,Nathan Knight
1628513,Naz Mitrou-Long
1629675,Naz Reid
1737,Nazr Mohammed
1629674,Neemias Queta
202357,Nemanja Bjelica
203517,Nemanja Nedovic
2420,Nenad Krstic
2403,Nene
203457,Nerlens Noel
1629651,Nic Claxton
201979,Nick Calathes
2555,Nick Collison
203910,Nick Johnson
1630208,Nick Richards
1641733,Nick Smith Jr.
201156,Nick Young
1629638,Nickeil Alexander-Walker
1630185,Nico Mannion
201587,Nicolas Batum
1627852,Nicolas Brussino
1629740,Nicolo Melli
1628502,Nigel Hayes-Davis
1628430,Nigel Williams-Goss
203917,Nik Stauskas
203999,Nikola Jokić
1631107,Nikola Jović
202703,Nikola Mirotic
201593,Nikola Pekovic
202696,Nikola Vučević
1641730,Noah Clowney
203943,Noah Vonleh
202701,Nolan Smith
1626181,Norman Powell
202708,Norris Cole
203658,Norvel Pelle
201564,O.J. Mayo
1628384,OG Anunoby
1630167,Obi Toppin
1630534,Ochai Agbaji
203136,Ognjen Kuzmic
1627855,Okaro White
200762,Oleksiy Pecherov
201802,Oliver Lafayette
1630846,Olivier Sarr
1641765,Olivier-Maxence Prosper
1629016,Omari Spellman
201600,Omer Asik
1630209,Omer Yurtseven
201956,Omri Casspi
1641931,Onuralp Bitim
1630168,Onyeka Okongwu
203111,Orlando Johnson
1631115,Orlando Robinson
1631131,Oscar Tshiebwe
1629052,Oshae Brissett
201785,Othyus Jeffers
203490,Otto Porter Jr.
1631172,Ousmane Dieng
200782,P.J. Tucker
1629023,P.J. Washington
1628408,PJ Dozier
203798,PJ Hairston
203143,Pablo Prigioni
1631094,Paolo Banchero
202377,Pape Sy
1627783,Pascal Siakam
1626192,Pat Connaughton
1630311,Pat Spencer
1627868,Patricio Garino
1631116,Patrick Baldwin Jr.
201976,Patrick Beverley
201607,Patrick Ewing
1627775,Patrick McCaw
200753,Patrick O'Bryant
202335,Patrick Patterson
1630172,Patrick Williams
201988,Patty Mills
2200,Pau Gasol
202331,Paul George
200794,Paul Millsap
1718,Paul Pierce
1630194,Paul Reed
1628778,Paul Watson
1627835,Paul Zipser
1630202,Payton Pritchard
978,Peja Stojakovic
203544,Pero Antic
203103,Perry Jones III
1631250,Pete Nance
203491,Peyton Siva
1631212,Peyton Watson
203515,Phil Pressey
200817,Pooh Jeter
1630173,Precious Achiuwa
2056,Primoz Brezec
1629656,Quentin Grimes
2047,Quentin Richardson
1631245,Quenton Jackson
203112,Quincy Acy
203113,Quincy Miller
202347,Quincy Pondexter
1626188,Quinn Cook
1629683,Quinndary Weatherspoon
2624,Quinton Ross
1630181,R.J. Hampton
1629628,RJ Barrett
1626154,RJ Hunter
1747,Rafer Alston
1630564,RaiQuan Gray
1952,Raja Bell
200765,Rajon Rondo
1626176,Rakeem Christmas
201196,Ramon Sessions
201043,Randolph Morris
200751,Randy Foye
1626173,Rashad Vaughn
1740,Rashard Lewis
739,Rasheed Wallace
1725,Rasho Nesterovic
2446,Rasual Butler
203526,Raul Neto
1628959,Rawle Alkins
951,Ray Allen
203492,Ray McCallum
1629034,Ray Spalding
1641712,Rayan Rupert
1629730,Rayjon Tucker
101109,Raymond Felton
203493,Reggie Bullock Jr.
2501,Reggie Evans
203687,Reggie Hearn
202704,Reggie Jackson
1629617,Reggie Perry
202130,Reggie Williams
200764,Renaldo Balkman
1888,Richard Hamilton
2210,Richard Jefferson
1626158,Richaun Holmes
1641741,Ricky Council IV
203495,Ricky Ledo
201937,Ricky Rubio
201633,Rob Kurz
203133,Robbie Hummel
203496,Robert Covington
203135,Robert Sacre
201987,Robert Vaden
1629057,Robert Williams III
1630218,Robert Woodard II
201577,Robin Lopez
1629066,Rodions Kurucs
200760,Rodney Carney
203918,Rodney Hood
203585,Rodney McGruder
1628681,Rodney Purvis
201155,Rodney Stuckey
201958,Rodrigue Beaubois
2427,Roger Mason Jr.
1629641,Romeo Langford
1627758,Ron Baker
1631199,Ron Harper Jr.
1626178,Rondae Hollis-Jefferson
200758,Ronnie Brewer
101179,Ronnie Price
101142,Ronny Turiaf
201579,Roy Hibbert
2767,Royal Ivey
1626220,Royce O'Neale
203091,Royce White
1630612,Ruben Nembhard Jr.
201164,Rudy Fernandez
200752,Rudy Gay
203497,Rudy Gobert
1629060,Rui Hachimura
203893,Russ Smith
201566,Russell Westbrook
201583,Ryan Anderson
1627853,Ryan Arcidiacono
1629151,Ryan Broekhoff
101155,Ryan Gomes
200797,Ryan Hollins
203527,Ryan Kelly
1631157,Ryan Rollins
1630240,Saben Lee
1630180,Saddiq Bey
1626257,Salah Mejri
1626155,Sam Dekker
1630573,Sam Hauser
1630241,Sam Merrill
201970,Sam Young
202396,Samardo Samuels
2223,Samuel Dalembert
1630572,Sandro Mamukelashvili
1630583,Santi Aldama
201619,Sasha Kaun
2562,Sasha Pavlovic
1628426,Sasha Vezenkov
2756,Sasha Vujacic
1630703,Scoot Henderson
203159,Scott Machado
1630567,Scottie Barnes
1630575,Scottie Lewis
203816,Scotty Hopson
1630590,Scotty Pippen Jr.
203930,Sean Kilpatrick
1752,Sean Marks
101118,Sean May
1630253,Sean McDermott
201157,Sean Williams
2742,Sebastian Telfair
1629635,Sekou Doumbouya
203902,Semaj Christon
1628400,Semi Ojeleye
201623,Semih Erden
201586,Serge Ibaka
203508,Sergey Karasev
200771,Sergio Rodriguez
203552,Seth Curry
1641754,Seth Lundy
203498,Shabazz Muhammad
203894,Shabazz Napier
1631101,Shaedon Sharpe
1628983,Shai Gilgeous-Alexander
1629003,Shake Milton
2203,Shane Battier
203499,Shane Larkin
200769,Shannon Brown
1627885,Shaquille Harrison
406,Shaquille O'Neal
1630536,Sharife Cooper
2733,Shaun Livingston
101183,Shavlik Randolph
1627848,Shawn Long
1890,Shawn Marion
200761,Shawne Williams
203963,Shayne Whittington
200749,Shelden Williams
1627815,Sheldon Mac
202714,Shelvin Mack
1631321,Sidy Cissoko
1631323,Simone Fontecchio
1628414,Sindarius Thornwell
1627746,Skal Labissiere
1630219,Skylar Mays
202374,Solomon Alabi
203524,Solomon Hill
200780,Solomon Jones
201603,Sonny Weems
203915,Spencer Dinwiddie
201150,Spencer Hawes
1626169,Stanley Johnson
1630649,Stanley Umude
201939,Stephen Curry
101211,Stephen Graham
1536,Stephen Jackson
1627757,Stephen Zimmerman
1628425,Sterling Brown
2581,Steve Blake
959,Steve Nash
200779,Steve Novak
203500,Steven Adams
2212,Steven Hunter
202178,Sundiata Gaines
1629004,Svi Mykhailiuk
2551,T.J. Ford
1628388,T.J. Leaf
204456,T.J. McConnell
203933,T.J. Warren
1629605,Tacko Fall
201959,Taj Gibson
1629659,Talen Horton-Tucker
1631106,Tari Eason
204028,Tarik Black
1629341,Tarik Phillip
1629745,Tariq Owens
1627752,Taurean Prince
201981,Taylor Griffin
1641707,Taylor Hendricks
2419,Tayshaun Prince
1629611,Terance Mann
1629056,Terence Davis
1631173,Terquavion Smith
1628390,Terrance Ferguson
202227,Terrel Harris
203093,Terrence Jones
203082,Terrence Ross
201944,Terrence Williams
202358,Terrico White
1626179,Terry Rozier
1630678,Terry Taylor
200757,Thabo Sefolosha
201152,Thaddeus Young
203648,Thanasis Antetokounmpo
1630177,Theo Maledon
1629033,Theo Pinson
689,Theo Ratliff
1628418,Thomas Bryant
203080,Thomas Robinson
1629118,Thomas Welsh
1627748,Thon Maker
201168,Tiago Splitter
202353,Tibor Pleiss
1495,Tim Duncan
204025,Tim Frazier
203501,Tim Hardaway Jr.
203317,Tim Ohlbrecht
1627817,Tim Quarterman
1501,Tim Thomas
202389,Timofey Mozgov
1627789,Timothe Luwawu-Cabarrot
202699,Tobias Harris
203107,Tomas Satoransky
201962,Toney Douglas
2754,Tony Allen
1499,Tony Battie
1628396,Tony Bradley
202070,Tony Gaffney
203502,Tony Mitchell
2225,Tony Parker
203503,Tony Snell
203100,Tony Wroten
203129,Tornike Shengelia
1628470,Torrey Craig
1641787,Tosan Evbuomwan
1641739,Toumani Camara
203315,Toure' Murry
1503,Tracy McGrady
1629027,Trae Young
101143,Travis Diener
202727,Travis Leslie
2566,Travis Outlaw
204037,Travis Wear
1631218,Trayce Jackson-Davis
1630200,Tre Jones
1630544,Tre Mann
1629682,Tremont Waters
1630570,Trendon Watford
1630235,Trent Forrest
2239,Trenton Hassell
1630243,Trevelin Queen
1626203,Treveon Graham
1629129,Trevon Bluiett
1628979,Trevon Duval
2772,Trevor Ariza
202344,Trevor Booker
1631309,Trevor Hudgins
1631211,Trevor Keels
203504,Trey Burke
1641998,Trey Jemison III
201234,Trey Johnson
1626168,Trey Lyles
1630530,Trey Murphy III
202717,Trey Thompkins
202684,Tristan Thompson
1641774,Tristan Vukcevic
1628972,Troy Brown Jr.
1628505,Troy Caupain
203584,Troy Daniels
2211,Troy Murphy
1627786,Troy Williams
1629660,Ty Jerome
201951,Ty Lawson
1630234,Ty-Shon Alexander
1631102,TyTy Washington Jr.
1630189,Tyler Bey
1628463,Tyler Cavanaugh
1629076,Tyler Cook
1628416,Tyler Dorsey
203898,Tyler Ennis
201946,Tyler Hansbrough
1629639,Tyler Herro
202715,Tyler Honeycutt
204020,Tyler Johnson
1628399,Tyler Lydon
1627755,Tyler Ulis
203092,Tyler Zeller
201936,Tyreke Evans
1630179,Tyrell Terry
1630169,Tyrese Haliburton
1631213,Tyrese Martin
1630178,Tyrese Maxey
1627820,Tyrone Wallace
200748,Tyrus Thomas
203116,Tyshawn Taylor
2199,Tyson Chandler
1626145,Tyus Jones
1628962,Udoka Azubuike
2617,Udonis Haslem
1630586,Usman Garuba
203505,Vander Blue
203995,Vasilije Micic
1630176,Vernon Carey Jr.
202731,Vernon Macklin
203139,Viacheslav Kravtsov
1629724,Vic Law
201964,Victor Claver
203506,Victor Oladipo
1641705,Victor Wembanyama
1713,Vince Carter
1631246,Vince Williams Jr.
1629053,Vincent Edwards
1629738,Vincent Poirier
203543,Vitor Faverani
2209,Vladimir Radmanovic
1628427,Vlatko Čančar
101144,Von Wafer
1630249,Vít Krejčí
1627735,Wade Baldwin IV
1631117,Walker Kessler
201041,Walker Russell
1627215,Walt Lemon Jr.
201961,Wayne Ellington
1627782,Wayne Selden
1628976,Wendell Carter Jr.
1631111,Wendell Moore Jr.
1629117,Wenyen Gabriel
1628411,Wes Iwundu
202325,Wesley Johnson
202083,Wesley Matthews
203115,Will Barton
101198,Will Bynum
1629739,William Howard
1626161,Willie Cauley-Stein
2584,Willie Green
203186,Willie Reed
202378,Willie Warren
1626195,Willy Hernangomez
201163,Wilson Chandler
1641645,Xavier Cooks
202333,Xavier Henry
1629875,Xavier Moon
204098,Xavier Munford
202918,Xavier Silas
1630270,Xavier Sneed
1630214,Xavier Tillman
200821,Yakhouba Diawara
1628999,Yante Maten
2397,Yao Ming
201146,Yi Jianlian
1627812,Yogi Ferrell
1629139,Yuta Watanabe
1630582,Yves Pons
202220,Zabian Dowdell
1628380,Zach Collins
203897,Zach LaVine
2216,Zach Randolph
2585,Zaza Pachulia
1630192,Zeke Nnaji
1629015,Zhaire Smith
1627753,Zhou Qi
1630533,Ziaire Williams
1629627,Zion Williamson
204054,Zoran Dragic
980,Zydrunas Ilgauskas
1629597,Zylan Cheatham
1630811,Keaton Wallace
1642258,Zaccharie Risacher
1631342,Daeqwon Plowden
1641936,Miles Norris
1631248,Baylor Scheierman
1642281,Jaylon Tyson
1641772,Nae'Qwan Tomlin
1631247,Luke Travers
1631232,Keion Brooks Jr.
1641810,Antonio Reeves
1631255,Karlo Matković
1642274,Yves Missi
1642443,Jahmir Young
1641824,Matas Buzelis
1641801,Emanuel Miller
1641790,PJ Hall
1641747,DaRon Holmes II
1642461,Spencer Jones
1641725,Trey Alexander
1642379,Taran Armstrong
1642366,Quinten Post
1642050,Jackson Rowe
1642368,N'Faly Dante
1642263,Reed Sheppard
1629098,Jack McVeigh
1642280,Trentyn Flowers
1642353,Cam Christie
1642261,Dalton Knecht
1642355,Bronny James
1641815,Isaiah Stevens
1642276,Kel'el Ware
1641796,Pelle Larsson
1642352,Keshad Johnson
1641890,Tyler Smith
1630545,Terrence Shannon Jr.
1642265,Rob Dillingham
1641803,Tristen Newton
1642399,Jesse Edwards
1641736,Reece Beekman
1630623,Tyson Etienne
1631166,Drew Timme
1642359,Pacôme Dadiet
1641755,Kevin McCullar Jr.
1642278,Tyler Kolek
1641817,Anton Watson
1630574,Ariel Hukporti
1641783,Tristan da Silva
1630679,Ethan Thompson
1642402,Enrique Freeman
1642484,RayJ Dennis
1642277,Johnny Furphy
1642348,Justin Edwards
1642272,Jared McCain
1641737,Adem Bona
1642024,Alex Reese
1642346,Ryan Dunn
1642345,Oso Ighodaro
1641779,Jalen Bridges
1642270,Donovan Clingan
1642403,Isaac Jones
1642269,Devin Carter
1642384,Isaiah Crawford
1642264,Stephon Castle
1642434,Riley Minix
1631127,Harrison Ingram
1641794,Dillon Jones
1642382,Branden Carlson
1642349,Ajay Mitchell
1642260,Nikola Topić
1642505,Alex Ducas
1642367,Jonathan Mogbo
1642266,Ja'Kobe Walter
1642279,Ulrich Chomche
1642347,Jamal Shead
1642419,Jamison Battle
1642262,Cody Williams
1642268,Isaiah Collier
1641989,Elijah Harkless
1642271,Kyle Filipowski
1642389,Zyon Pullin
1642377,Jaylen Wells
1641744,Zach Edey
1642530,Yuki Kawamura
1642285,Cam Spencer
1642358,AJ Johnson
1642267,Bub Carrington
1642273,Kyshawn George
1642259,Alex Sarr
1641842,Ronald Holland II
1642450,Daniss Jenkins
1641752,Bobi Klintman
1642449,Tolu Smith
1641878,Damion Baugh
1642354,KJ Simpson
1642275,Tidjane Salaün
283,Lindsey Hunter
1729,Ricky Davis
1763,Ryan Bowen
1903,Kenny Thomas
2046,Desmond Mason
2049,Speedy Claxton
2078,Jason Hart
2366,Mike Wilks
2409,Marcus Haislip
2416,Kareem Rush
2648,Ronald Dupree
2668,Josh Davis
2765,Andre Emmett
101146,Roko Ukic
101158,Orien Greene
101215,Will Conroy
200772,Maurice Ager
200781,Paul Davis
200822,Pops Mensah-Bonsu
201169,Alando Tucker
201191,JamesOn Curry
201286,Eric Dawson
201291,Carldell Johnson
201629,Othello Hunter
201821,Trey Gilder
202068,Marcus Landry
202079,Antonio Anderson
202197,Shane Edwards
202359,Darington Hobson
202385,Ryan Reid
202395,Sherron Collins
202458,Justin Dentmon
202536,Jerry Smith
202545,Luke Zeller
202728,Keith Benson
202775,Edwin Ubiles
202814,Mychel Thompson
202862,Dennis Horner
202880,Jeff Foote
203130,Darius Johnson-Odom
203147,Chris Smith
203183,Tony Mitchell
203203,Chris Wright
203474,DJ Stephens
203510,Pierre Jackson
203548,Elias Harris
203565,Patrick Christopher
203590,Trey McKinney-Jones
203805,Will Cherry
203942,
203945,Alex Kirk
203951,Keith Appling
203958,Andre Dawkins
203966,Jamil Wilson
203968,Jerrelle Benimon
204021,Sim Bhullar
204033,David Wear
204040,
204076,
204079,Drew Gordon
204179,Omari Johnson
204222,Greg Whittington
1626205,Vincent Hunter
1626208,Keifer Sykes
1626214,Bryce Dejean-Jones
1626218,
1626260,Levi Randolph
1626262,Coty Clarke
1626266,JJ O'Brien
1626296,Jordan Sibert
1626643,Jacob Pullen
1627293,Alex Stepheson
1627760,Cat Barber
1627791,Ben Bentil
1627822,Petr Cornelie
1627861,Mike Tobey
1627866,Jameel Warney
1627879,Nicolas Laprovittola
1628238,Paris Bass
1628419,Cameron Oliver
1628435,Chance Comanche
1628450,Eric Mika
1628451,Jacob Wiley
1628454,
1628473,
1628475,Matt Williams Jr.
1628492,Gian Clavell
1628504,Xavier Rathan-Mayes
1628506,London Perrantes
1628515,Isaiah Briscoe
1628591,Craig Sword
1628605,Dusty Hannahs
1628610,
1628769,Tahjere McCall
1629005,Malik Newman
1629037,
1629044,Shamorie Ponds
1629093,Tyler Davis
1629150,Emanuel Terry
1629152,DeVaughn Akoon-Purcell
1629155,Zach Lofton
1629232,Kaiser Gates
1629309,Trayvon Palmer
1629460,Justin Tillman
1629600,Jarron Cumberland
1629602,Javin DeLaurier
1629606,Robert Franks
1629620,Justin Robinson
1629668,Zach Norvell Jr.
1629689,Aric Holman
1629742,Stanton Kidd
1629751,Dakota Mathias
1629755,Hassani Gravett
1629756,Daulton Hommes
1629783,Shaq Buchanan
1629788,Tyler Hall
1629873,Jaysean Paige
1629958,Ahmad Caver
1630196,Filip Petrusev
1630211,Karim Mane
1630223,Jalen Harris
1630257,Jon Teske
1630266,Will Magnay
1630278,Ade Murkey
1630283,Kylor Kelley
1630285,Zavier Simpson
1630286,Trevon Scott
1630306,Rob Edwards
1630542,Marcus Bagley
1630555,Joel Ayayi
1630562,Matt Hurt
1630565,Aaron Henry
1630585,Marcus Garrett
1630605,JaQuori McLaughlin
1630607,Chris Smith
1630608,Malcolm Cazalon
1630610,DeJon Jarreau
1630622,Jalen Crutcher
1630640,MJ Walker
1630686,Georgios Kalaitzakis
1630693,Jaime Echenique
1630698,Kevin Pangos
1630701,Michael Foster Jr.
1630707,Malik Ellison
1630758,Aleem Ford
1630762,Phillip Wheeler
1630787,Cameron McGriff
1631113,Kennedy Chandler
1631160,Jordan Hall
1631167,Izaiah Brockington
1631301,Jaylen Sims
1631320,Chima Moneke
1631376,Dmytro Skapintsev
1631386,Tazé Moore
1641777,Charles Bediako
1641789,Jazian Gortman
1641793,D'Moi Hodge
1641806,Markquis Nowell
1641811,Sir'Jabari Rice
1641851,Timmy Allen
1641857,Liam Robbins
1641877,Nathan Mensah
1641879,Yuri Collins
1641907,Erik Stevenson
1641926,Dexter Dennis
1641970,Maozinha Pereira
1642385,Cui Yongxi
1642422,Armel Traoré
1642439,Quincy Olivari
1642486,Boo Buie III
1642502,Malevy Leons
1642843,Cooper Flagg
1642948,Ryan Nembhard
1642954,Will Richard
1642876,Adou Thiero
1642866,Joan Beringer
1642938,Curtis Jones
1642864,Hugo González
1642873,Amari Williams
1642885,Mohamed Diawara
1642854,Asa Newell
1643007,Taelon Peter
1642845,VJ Edgecombe
1641780,Johni Broome
1642867,Collin Murray-Boyles
1642878,Tyrese Proctor
1642855,Noa Essengue
1642907,Cedric Coward
1642914,Javon Small
1642846,Ace Bailey
1642383,Walter Clayton Jr.
1642863,Khaman Maluach
1642853,Rasheer Fleming
1642905,Hansen Yang
1642847,Jeremiah Fears
1642852,Derik Queen
1642877,Micah Peavy
1643141,Jahmyl Telfort
1642869,Noah Penda
1642859,Jase Richardson
1642848,Tre Johnson
1642364,Jamir Watkins
1642860,Will Riley
1642404,Chaz Lanier
1642856,Egor Dëmin
1642962,Drake Powell
1642868,Carter Bryant
1642357,David Jones Garcia
1642851,Kon Knueppel
1641750,Ryan Kalkbrenner
1642883,Sion James
1642862,Liam McNeeley
1642884,Vladislav Goldin
1642857,Kasparas Jakučionis
1630619,Moussa Cisse
1641813,Mark Sears
1642959,Chris Youngblood
1642964,Brooks Barnhizer
1642875,Maxime Raynaud
1642363,Nique Clifford
1631126,Caleb Love
1642920,Kobe Sanders
1642066,Myron Gardner
1631451,Javonte Cooke
1642282,Hunter Sallis
1642949,Yanic Konan Niederhäuser
1642942,Jahmai Mashack
1642844,Dylan Harper
1642874,Danny Wolf
1642879,Ben Saraf
1642849,Nolan Traore
1642917,Max Shulga
1630621,Hunter Dickinson
1642928,Dylan Cardwell
1642886,Koby Brea
1642939,Miles Kelly
1643024,Chris Mañon
1642935,Chucky Hepburn
1642950,Lachlan Olbrich
1642918,Alijah Martin
1642926,Tamar Bates
1642440,Gabe McGlothan
1642880,Kam Jones
