home_team,game_date
Los Angeles Lakers,2020-08-03
Denver Nuggets,2020-08-17
Toronto Raptors,2020-08-17
Boston Celtics,2020-08-17
Los Angeles Clippers,2020-08-17
Milwaukee Bucks,2020-08-18
Oklahoma City Thunder,2020-08-18
Portland Trail Blazers,2020-08-15
Miami Heat,2020-08-18
Los Angeles Lakers,2020-08-18
Houston Rockets,2020-08-18
Indiana Pacers,2020-08-18
Denver Nuggets,2020-08-19
Toronto Raptors,2020-08-19
Boston Celtics,2020-08-19
Los Angeles Clippers,2020-08-19
Milwaukee Bucks,2020-08-20
Indiana Pacers,2020-08-20
Houston Rockets,2020-08-20
Los Angeles Lakers,2020-08-20
Brooklyn Nets,2020-08-21
Philadelphia 76ers,2020-08-21
Utah Jazz,2020-08-21
Dallas Mavericks,2020-08-21
Miami Heat,2020-08-22
Oklahoma City Thunder,2020-08-22
Orlando Magic,2020-08-22
Portland Trail Blazers,2020-08-22
Brooklyn Nets,2020-08-23
Utah Jazz,2020-08-23
Philadelphia 76ers,2020-08-23
Dallas Mavericks,2020-08-23
Orlando Magic,2020-08-24
Miami Heat,2020-08-24
Oklahoma City Thunder,2020-08-24
Portland Trail Blazers,2020-08-24
Los Angeles Clippers,2020-08-25
Toronto Raptors,2020-08-27
Denver Nuggets,2020-08-25
Houston Rockets,2020-08-26
Milwaukee Bucks,2020-08-26
Los Angeles Lakers,2020-08-26
Utah Jazz,2020-08-27
Dallas Mavericks,2020-08-27
Milwaukee Bucks,2020-08-29
Houston Rockets,2020-08-29
Los Angeles Lakers,2020-08-29
Toronto Raptors,2020-08-30
Dallas Mavericks,2020-08-30
Utah Jazz,2020-08-30
Milwaukee Bucks,2020-08-31
Oklahoma City Thunder,2020-08-31
Toronto Raptors,2020-09-01
Denver Nuggets,2020-09-01
Milwaukee Bucks,2020-09-02
Houston Rockets,2020-09-02
Los Angeles Clippers,2020-09-03
Boston Celtics,2020-09-03
Miami Heat,2020-09-04
Los Angeles Lakers,2020-09-04
Boston Celtics,2020-09-05
Los Angeles Clippers,2020-09-05
Miami Heat,2020-09-06
Los Angeles Lakers,2020-09-06
Toronto Raptors,2020-09-07
Denver Nuggets,2020-09-07
Milwaukee Bucks,2020-09-08
Houston Rockets,2020-09-08
Denver Nuggets,2020-09-09
Boston Celtics,2020-09-09
Houston Rockets,2020-09-10
Toronto Raptors,2020-09-11
Los Angeles Clippers,2020-09-11
Los Angeles Lakers,2020-09-12
Denver Nuggets,2020-09-13
Boston Celtics,2020-09-15
Boston Celtics,2020-09-14
Los Angeles Clippers,2020-09-15
Boston Celtics,2020-09-17
Los Angeles Lakers,2020-09-18
Miami Heat,2020-09-19
Los Angeles Lakers,2020-09-20
Miami Heat,2020-09-23
Denver Nuggets,2020-09-22
Denver Nuggets,2020-09-24
Boston Celtics,2020-09-25
Los Angeles Lakers,2020-09-26
Miami Heat,2020-09-27
Los Angeles Lakers,2020-09-30
Los Angeles Lakers,2020-10-02
Miami Heat,2020-10-04
Miami Heat,2020-10-06
Los Angeles Lakers,2020-10-09
Miami Heat,2020-10-11
Houston Rockets,2020-12-23
Boston Celtics,2021-01-10
Dallas Mavericks,2021-01-11
Phoenix Suns,2021-01-13
Minnesota Timberwolves,2021-01-15
Oklahoma City Thunder,2021-01-17
Portland Trail Blazers,2021-01-20
New Orleans Pelicans,2021-01-25
Denver Nuggets,2021-02-01
Minnesota Timberwolves,2021-04-12
Indiana Pacers,2021-05-18
Boston Celtics,2021-05-18
Memphis Grizzlies,2021-05-19
Los Angeles Lakers,2021-05-19
Los Angeles Clippers,2021-05-22
Denver Nuggets,2021-05-22
New York Knicks,2021-05-22
Milwaukee Bucks,2021-05-22
Los Angeles Clippers,2021-05-23
Denver Nuggets,2021-05-23
New York Knicks,2021-05-23
Washington Wizards,2021-05-20
Brooklyn Nets,2021-05-22
Phoenix Suns,2021-05-23
Golden State Warriors,2021-05-21
Philadelphia 76ers,2021-05-23
Utah Jazz,2021-05-23
Milwaukee Bucks,2021-05-24
Brooklyn Nets,2021-05-25
Los Angeles Clippers,2021-05-25
Denver Nuggets,2021-05-24
Philadelphia 76ers,2021-05-26
Phoenix Suns,2021-05-25
New York Knicks,2021-05-26
Utah Jazz,2021-05-26
Miami Heat,2021-05-27
Portland Trail Blazers,2021-05-27
Boston Celtics,2021-05-28
Dallas Mavericks,2021-05-28
Los Angeles Lakers,2021-05-27
Washington Wizards,2021-05-29
Atlanta Hawks,2021-05-28
Memphis Grizzlies,2021-05-29
Miami Heat,2021-05-29
Los Angeles Lakers,2021-05-30
Portland Trail Blazers,2021-05-29
Atlanta Hawks,2021-05-30
Boston Celtics,2021-05-30
Dallas Mavericks,2021-05-30
Denver Nuggets,2021-06-01
Washington Wizards,2021-05-31
Memphis Grizzlies,2021-05-31
Phoenix Suns,2021-06-01
Brooklyn Nets,2021-06-01
Los Angeles Clippers,2021-06-02
New York Knicks,2021-06-02
Utah Jazz,2021-06-02
Philadelphia 76ers,2021-06-02
Brooklyn Nets,2021-06-05
Portland Trail Blazers,2021-06-03
Los Angeles Lakers,2021-06-03
Philadelphia 76ers,2021-06-04
Dallas Mavericks,2021-06-04
Philadelphia 76ers,2021-06-06
Phoenix Suns,2021-06-07
Phoenix Suns,2021-06-05
Los Angeles Clippers,2021-06-06
Brooklyn Nets,2021-06-07
Philadelphia 76ers,2021-06-08
Utah Jazz,2021-06-08
Milwaukee Bucks,2021-06-10
Phoenix Suns,2021-06-09
Atlanta Hawks,2021-06-11
Utah Jazz,2021-06-10
Denver Nuggets,2021-06-11
Milwaukee Bucks,2021-06-13
Los Angeles Clippers,2021-06-12
Atlanta Hawks,2021-06-14
Denver Nuggets,2021-06-13
Los Angeles Clippers,2021-06-14
Brooklyn Nets,2021-06-15
Philadelphia 76ers,2021-06-16
Utah Jazz,2021-06-16
Milwaukee Bucks,2021-06-17
Atlanta Hawks,2021-06-18
Los Angeles Clippers,2021-06-18
Brooklyn Nets,2021-06-19
Philadelphia 76ers,2021-06-20
Phoenix Suns,2021-06-20
Phoenix Suns,2021-06-22
Milwaukee Bucks,2021-06-23
Los Angeles Clippers,2021-06-24
Milwaukee Bucks,2021-06-25
Los Angeles Clippers,2021-06-26
Atlanta Hawks,2021-06-27
Phoenix Suns,2021-06-28
Atlanta Hawks,2021-06-29
Los Angeles Clippers,2021-06-30
Milwaukee Bucks,2021-07-01
Atlanta Hawks,2021-07-03
Phoenix Suns,2021-07-06
Phoenix Suns,2021-07-08
Milwaukee Bucks,2021-07-11
Milwaukee Bucks,2021-07-14
Phoenix Suns,2021-07-17
Milwaukee Bucks,2021-07-20
Philadelphia 76ers,2021-12-19
Brooklyn Nets,2021-12-19
San Antonio Spurs,2021-12-29
Denver Nuggets,2021-12-30
Minnesota Timberwolves,2022-04-12
New Orleans Pelicans,2022-04-13
Brooklyn Nets,2022-04-12
Atlanta Hawks,2022-04-13
Philadelphia 76ers,2022-04-16
Milwaukee Bucks,2022-04-17
Golden State Warriors,2022-04-16
Dallas Mavericks,2022-04-16
Boston Celtics,2022-04-17
Memphis Grizzlies,2022-04-16
Cleveland Cavaliers,2022-04-15
Los Angeles Clippers,2022-04-15
Miami Heat,2022-04-17
Phoenix Suns,2022-04-17
Dallas Mavericks,2022-04-18
Memphis Grizzlies,2022-04-19
Philadelphia 76ers,2022-04-18
Golden State Warriors,2022-04-18
Miami Heat,2022-04-19
Boston Celtics,2022-04-20
Milwaukee Bucks,2022-04-20
Phoenix Suns,2022-04-19
Toronto Raptors,2022-04-20
Utah Jazz,2022-04-21
Denver Nuggets,2022-04-21
Atlanta Hawks,2022-04-22
Minnesota Timberwolves,2022-04-21
New Orleans Pelicans,2022-04-22
Brooklyn Nets,2022-04-23
Toronto Raptors,2022-04-23
Chicago Bulls,2022-04-22
Minnesota Timberwolves,2022-04-23
Utah Jazz,2022-04-23
Denver Nuggets,2022-04-24
Atlanta Hawks,2022-04-24
Chicago Bulls,2022-04-24
New Orleans Pelicans,2022-04-24
Philadelphia 76ers,2022-04-25
Dallas Mavericks,2022-04-25
Brooklyn Nets,2022-04-25
Memphis Grizzlies,2022-04-26
Milwaukee Bucks,2022-04-27
Golden State Warriors,2022-04-27
Miami Heat,2022-04-26
Phoenix Suns,2022-04-26
Toronto Raptors,2022-04-28
Utah Jazz,2022-04-28
Minnesota Timberwolves,2022-04-29
New Orleans Pelicans,2022-04-28
Boston Celtics,2022-05-01
Miami Heat,2022-05-02
Phoenix Suns,2022-05-02
Memphis Grizzlies,2022-05-01
Boston Celtics,2022-05-03
Memphis Grizzlies,2022-05-03
Miami Heat,2022-05-04
Phoenix Suns,2022-05-04
Milwaukee Bucks,2022-05-07
Golden State Warriors,2022-05-07
Philadelphia 76ers,2022-05-06
Dallas Mavericks,2022-05-06
Philadelphia 76ers,2022-05-08
Dallas Mavericks,2022-05-08
Milwaukee Bucks,2022-05-09
Golden State Warriors,2022-05-09
Phoenix Suns,2022-05-10
Miami Heat,2022-05-10
Boston Celtics,2022-05-11
Memphis Grizzlies,2022-05-11
Philadelphia 76ers,2022-05-12
Dallas Mavericks,2022-05-12
Milwaukee Bucks,2022-05-13
Golden State Warriors,2022-05-13
Phoenix Suns,2022-05-15
Boston Celtics,2022-05-15
Miami Heat,2022-05-17
Golden State Warriors,2022-05-18
Miami Heat,2022-05-19
Golden State Warriors,2022-05-20
Boston Celtics,2022-05-21
Dallas Mavericks,2022-05-22
Boston Celtics,2022-05-23
Dallas Mavericks,2022-05-24
Miami Heat,2022-05-25
Golden State Warriors,2022-05-26
Boston Celtics,2022-05-27
Miami Heat,2022-05-29
Golden State Warriors,2022-06-02
Golden State Warriors,2022-06-05
Boston Celtics,2022-06-08
Boston Celtics,2022-06-10
Golden State Warriors,2022-06-13
Boston Celtics,2022-06-16
Detroit Pistons,2023-02-01
Miami Heat,2023-04-11
Toronto Raptors,2023-04-12
Los Angeles Lakers,2023-04-11
New Orleans Pelicans,2023-04-12
Philadelphia 76ers,2023-04-15
Cleveland Cavaliers,2023-04-15
Sacramento Kings,2023-04-15
Phoenix Suns,2023-04-15
Cleveland Cavaliers,2023-04-16
Phoenix Suns,2023-04-16
Boston Celtics,2023-04-15
Memphis Grizzlies,2023-04-16
Miami Heat,2023-04-14
Minnesota Timberwolves,2023-04-14
Milwaukee Bucks,2023-04-16
Denver Nuggets,2023-04-16
Philadelphia 76ers,2023-04-17
Boston Celtics,2023-04-18
Sacramento Kings,2023-04-17
Cleveland Cavaliers,2023-04-18
Memphis Grizzlies,2023-04-19
Phoenix Suns,2023-04-18
Milwaukee Bucks,2023-04-19
Denver Nuggets,2023-04-19
Brooklyn Nets,2023-04-20
Golden State Warriors,2023-04-20
Los Angeles Clippers,2023-04-20
Atlanta Hawks,2023-04-21
New York Knicks,2023-04-21
Minnesota Timberwolves,2023-04-21
Miami Heat,2023-04-22
Los Angeles Lakers,2023-04-22
Brooklyn Nets,2023-04-22
Los Angeles Clippers,2023-04-22
Golden State Warriors,2023-04-23
New York Knicks,2023-04-23
Atlanta Hawks,2023-04-23
Minnesota Timberwolves,2023-04-23
Phoenix Suns,2023-04-25
Miami Heat,2023-04-24
Los Angeles Lakers,2023-04-24
Cleveland Cavaliers,2023-04-26
Sacramento Kings,2023-04-26
Boston Celtics,2023-04-25
Denver Nuggets,2023-04-25
Memphis Grizzlies,2023-04-26
Milwaukee Bucks,2023-04-26
Atlanta Hawks,2023-04-27
Denver Nuggets,2023-04-29
Golden State Warriors,2023-04-28
Los Angeles Lakers,2023-04-28
New York Knicks,2023-04-30
Boston Celtics,2023-05-01
Sacramento Kings,2023-04-30
Denver Nuggets,2023-05-01
New York Knicks,2023-05-02
Golden State Warriors,2023-05-02
Boston Celtics,2023-05-03
Phoenix Suns,2023-05-05
Golden State Warriors,2023-05-04
Miami Heat,2023-05-06
Philadelphia 76ers,2023-05-05
Los Angeles Lakers,2023-05-06
Philadelphia 76ers,2023-05-07
Phoenix Suns,2023-05-07
Miami Heat,2023-05-08
Los Angeles Lakers,2023-05-08
Boston Celtics,2023-05-09
Denver Nuggets,2023-05-09
New York Knicks,2023-05-10
Golden State Warriors,2023-05-10
Philadelphia 76ers,2023-05-11
Phoenix Suns,2023-05-11
Miami Heat,2023-05-12
Los Angeles Lakers,2023-05-12
Boston Celtics,2023-05-14
Denver Nuggets,2023-05-16
Boston Celtics,2023-05-17
Denver Nuggets,2023-05-18
Boston Celtics,2023-05-19
Los Angeles Lakers,2023-05-20
Miami Heat,2023-05-21
Los Angeles Lakers,2023-05-22
Miami Heat,2023-05-23
Boston Celtics,2023-05-25
Miami Heat,2023-05-27
Boston Celtics,2023-05-29
Denver Nuggets,2023-06-01
Denver Nuggets,2023-06-04
Miami Heat,2023-06-07
Miami Heat,2023-06-09
Denver Nuggets,2023-06-12
Los Angeles Lakers,2023-12-09
Utah Jazz,2024-01-17
Chicago Bulls,2024-04-16
Chicago Bulls,2024-04-17
Sacramento Kings,2024-04-16
New Orleans Pelicans,2024-04-16
Philadelphia 76ers,2024-04-17
Sacramento Kings,2024-04-17
Cleveland Cavaliers,2024-04-20
Milwaukee Bucks,2024-04-20
Los Angeles Clippers,2024-04-20
Minnesota Timberwolves,2024-04-20
Milwaukee Bucks,2024-04-21
Los Angeles Clippers,2024-04-21
New Orleans Pelicans,2024-04-19
Denver Nuggets,2024-04-20
Miami Heat,2024-04-19
New York Knicks,2024-04-20
Boston Celtics,2024-04-21
Oklahoma City Thunder,2024-04-21
Cleveland Cavaliers,2024-04-22
Minnesota Timberwolves,2024-04-23
New York Knicks,2024-04-22
Denver Nuggets,2024-04-22
Los Angeles Clippers,2024-04-23
Boston Celtics,2024-04-24
Milwaukee Bucks,2024-04-23
Oklahoma City Thunder,2024-04-24
Orlando Magic,2024-04-25
Philadelphia 76ers,2024-04-25
Los Angeles Lakers,2024-04-25
Indiana Pacers,2024-04-26
Dallas Mavericks,2024-04-26
Phoenix Suns,2024-04-26
New Orleans Pelicans,2024-04-27
Miami Heat,2024-04-27
Orlando Magic,2024-04-27
Los Angeles Lakers,2024-04-27
Philadelphia 76ers,2024-04-28
Dallas Mavericks,2024-04-28
Indiana Pacers,2024-04-28
Phoenix Suns,2024-04-28
New Orleans Pelicans,2024-04-29
Cleveland Cavaliers,2024-04-30
Miami Heat,2024-04-29
Denver Nuggets,2024-04-29
New York Knicks,2024-04-30
Los Angeles Clippers,2024-05-01
Milwaukee Bucks,2024-04-30
Boston Celtics,2024-05-01
Denver Nuggets,2024-05-04
Indiana Pacers,2024-05-02
Philadelphia 76ers,2024-05-02
Orlando Magic,2024-05-03
Dallas Mavericks,2024-05-03
New York Knicks,2024-05-06
Cleveland Cavaliers,2024-05-05
Oklahoma City Thunder,2024-05-07
Denver Nuggets,2024-05-06
Boston Celtics,2024-05-07
New York Knicks,2024-05-08
Minnesota Timberwolves,2024-05-10
Boston Celtics,2024-05-09
Oklahoma City Thunder,2024-05-09
Indiana Pacers,2024-05-10
Dallas Mavericks,2024-05-11
Cleveland Cavaliers,2024-05-11
Indiana Pacers,2024-05-12
Minnesota Timberwolves,2024-05-12
Dallas Mavericks,2024-05-13
Cleveland Cavaliers,2024-05-13
New York Knicks,2024-05-14
Denver Nuggets,2024-05-14
Boston Celtics,2024-05-15
Oklahoma City Thunder,2024-05-15
Minnesota Timberwolves,2024-05-16
Indiana Pacers,2024-05-17
Dallas Mavericks,2024-05-18
Denver Nuggets,2024-05-19
New York Knicks,2024-05-19
Boston Celtics,2024-05-21
Minnesota Timberwolves,2024-05-22
Boston Celtics,2024-05-23
Minnesota Timberwolves,2024-05-24
Indiana Pacers,2024-05-25
Dallas Mavericks,2024-05-26
Indiana Pacers,2024-05-27
Dallas Mavericks,2024-05-28
Minnesota Timberwolves,2024-05-30
Boston Celtics,2024-06-06
Boston Celtics,2024-06-09
Dallas Mavericks,2024-06-12
Dallas Mavericks,2024-06-14
Boston Celtics,2024-06-17
Washington Wizards,2024-11-02
Indiana Pacers,2025-01-23
San Antonio Spurs,2025-01-25
Milwaukee Bucks,2024-12-14
Oklahoma City Thunder,2024-12-14
Oklahoma City Thunder,2024-12-17
Los Angeles Lakers,2025-01-09
Los Angeles Lakers,2025-01-11
New Orleans Pelicans,2025-01-22
Orlando Magic,2025-04-15
Chicago Bulls,2025-04-16
New York Knicks,2025-04-19
Indiana Pacers,2025-04-19
Golden State Warriors,2025-04-15
Sacramento Kings,2025-04-16
Denver Nuggets,2025-04-19
Los Angeles Lakers,2025-04-19
